year,month,ca_mensuel_prevu,type
2026,5,1698528.8954363153,forecast
2026,6,1704268.8765036634,forecast
2026,7,1710008.8575710114,forecast
2026,8,1715748.8386383592,forecast
2026,9,1721488.819705707,forecast
2026,10,1727228.800773055,forecast
